agent,run,case,status,input_tokens,output_tokens,total_tokens,cost,rounds,read_loc,edit_lines
sweagent,round1,django__django-11039,resolved,39547,343,39890,0.03,14,25,
sweagent,round1,django__django-11133,resolved,59109,630,59739,0.04,15,25,
sweagent,round1,django__django-11583,resolved,114849,396,115245,0.05,16,28,
sweagent,round1,django__django-11620,resolved,123839,677,124516,0.06,20,41,
sweagent,round1,django__django-11848,resolved,23750,336,24086,0.02,11,19,
sweagent,round1,django__django-12184,resolved,186056,522,186578,0.06,25,143,
sweagent,round1,django__django-12286,resolved,88412,445,88857,0.04,21,12,
sweagent,round1,django__django-12497,resolved,91962,686,92648,0.05,24,46,
sweagent,round1,django__django-12700,resolved,22014,278,22292,0.02,10,10,12
sweagent,round1,django__django-12856,resolved,114111,326,114437,0.05,15,124,
sweagent,round1,django__django-12915,resolved,106284,541,106825,0.04,18,39,
sweagent,round1,django__django-13028,resolved,173845,476,174321,0.08,27,157,
sweagent,round1,django__django-13447,resolved,321140,652,321792,0.09,26,1080,17
sweagent,round1,django__django-13658,resolved,48584,262,48846,0.02,11,145,
sweagent,round1,django__django-13933,resolved,54541,500,55041,0.04,16,13,
sweagent,round1,django__django-14016,resolved,66006,454,66460,0.04,16,59,
sweagent,round1,django__django-15347,resolved,32615,236,32851,0.02,11,13,
sweagent,round1,django__django-15789,resolved,55553,302,55855,0.04,17,15,36
sweagent,round1,django__django-16041,resolved,44596,282,44878,0.03,11,157,
sweagent,round1,django__django-16139,resolved,93620,765,94385,0.04,20,32,
sweagent,round1,django__django-16379,resolved,61983,373,62356,0.04,13,39,
sweagent,round1,django__django-16527,resolved,23297,301,23598,0.02,13,8,
sweagent,round1,django__django-16873,resolved,21384,106,21490,0.02,11,24,
sweagent,round1,django__django-17087,resolved,388604,201,388805,0.13,14,178,
sweagent,round1,matplotlib__matplotlib-23562,resolved,73118,509,73627,0.03,13,29,
sweagent,round1,matplotlib__matplotlib-23913,resolved,181945,282,182227,0.06,22,435,
sweagent,round1,matplotlib__matplotlib-23964,resolved,61060,403,61463,0.04,18,91,
sweagent,round1,matplotlib__matplotlib-24149,resolved,44273,489,44762,0.03,15,16,
sweagent,round1,matplotlib__matplotlib-24970,resolved,67889,431,68320,0.04,19,12,
sweagent,round1,matplotlib__matplotlib-26011,resolved,221388,916,222304,0.12,24,9,
sweagent,round1,pydata__xarray-4094,resolved,39076,215,39291,0.03,12,14,
sweagent,round1,pytest-dev__pytest-11143,resolved,91753,406,92159,0.04,18,13,
sweagent,round1,scikit-learn__scikit-learn-10297,resolved,139526,626,140152,0.08,20,11,25
sweagent,round1,scikit-learn__scikit-learn-11281,resolved,105826,409,106235,0.05,14,63,
sweagent,round1,scikit-learn__scikit-learn-12471,resolved,79065,816,79881,0.04,15,15,
sweagent,round1,scikit-learn__scikit-learn-13142,resolved,87714,926,88640,0.05,20,20,
sweagent,round1,scikit-learn__scikit-learn-13439,resolved,73639,532,74171,0.06,15,152,
sweagent,round1,scikit-learn__scikit-learn-13496,resolved,106084,227,106311,0.04,13,75,
sweagent,round1,scikit-learn__scikit-learn-14894,resolved,59972,845,60817,0.04,20,38,
sweagent,round1,scikit-learn__scikit-learn-15535,resolved,77495,523,78018,0.04,16,26,
sweagent,round1,sympy__sympy-12481,resolved,130649,364,131013,0.05,16,100,
sweagent,round1,sympy__sympy-13480,resolved,23233,484,23717,0.02,14,18,
sweagent,round1,sympy__sympy-13647,resolved,45228,320,45548,0.03,12,16,
sweagent,round1,sympy__sympy-14774,resolved,22435,538,22973,0.02,11,17,
sweagent,round1,sympy__sympy-15011,resolved,47129,367,47496,0.03,14,13,
sweagent,round1,sympy__sympy-20442,resolved,76110,351,76461,0.04,15,30,
sweagent,round1,sympy__sympy-21614,resolved,172647,556,173203,0.07,20,24,
sweagent,round1,sympy__sympy-21847,resolved,60376,852,61228,0.04,15,10,
sweagent,round1,sympy__sympy-22714,resolved,111278,489,111767,0.07,15,28,
sweagent,round1,sympy__sympy-23117,resolved,110592,619,111211,0.07,17,18,
agent,run,case,status,input_tokens,output_tokens,total_tokens,cost,rounds,read_loc,edit_lines
sweagent,round2,django__django-11039,resolved,71596,254,71850,0.03,17,41,5
sweagent,round2,django__django-11133,resolved,61773,367,62140,0.02,11,26,2
sweagent,round2,django__django-11583,resolved,131399,0,131399,0.04,18,148,7
sweagent,round2,django__django-11620,resolved,111283,318,111601,0.05,19,37,3
sweagent,round2,django__django-11848,resolved,51343,325,51668,0.03,14,11,9
sweagent,round2,django__django-12286,resolved,76755,379,77134,0.03,19,25,24
sweagent,round2,django__django-12497,resolved,37661,138,37799,0.02,13,30,4
sweagent,round2,django__django-12700,resolved,38661,0,38661,0.02,11,7,2
sweagent,round2,django__django-12856,resolved,101611,409,102020,0.04,15,163,3
sweagent,round2,django__django-12915,resolved,35844,27,35871,0.02,13,24,6
sweagent,round2,django__django-13028,resolved,123677,34,123711,0.04,23,68,2
sweagent,round2,django__django-13447,resolved,207648,0,207648,0.05,21,87,21
sweagent,round2,django__django-13658,resolved,34907,0,34907,0.02,10,8,7
sweagent,round2,django__django-13933,resolved,76496,0,76496,0.03,19,21,8
sweagent,round2,django__django-14016,resolved,50450,388,50838,0.02,13,25,11
sweagent,round2,django__django-15347,resolved,34557,143,34700,0.02,13,7,2
sweagent,round2,django__django-15789,resolved,32326,271,32597,0.02,11,11,39
sweagent,round2,django__django-16041,resolved,29028,187,29215,0.02,12,27,4
sweagent,round2,django__django-16139,resolved,90571,107,90678,0.03,25,49,2
sweagent,round2,django__django-16379,resolved,27791,143,27934,0.02,10,12,5
sweagent,round2,django__django-16527,resolved,17173,202,17375,0.01,9,8,1
sweagent,round2,django__django-16873,resolved,394649,374,395023,0.09,13,31,3
sweagent,round2,django__django-17087,resolved,65847,151,65998,0.03,15,31,2
sweagent,round2,matplotlib__matplotlib-23913,resolved,75204,575,75779,0.03,15,14,3
sweagent,round2,matplotlib__matplotlib-23964,resolved,82560,175,82735,0.03,18,54,5
sweagent,round2,matplotlib__matplotlib-24149,resolved,75756,215,75971,0.03,16,26,4
sweagent,round2,matplotlib__matplotlib-24970,resolved,287837,236,288073,0.06,25,425,4
sweagent,round2,matplotlib__matplotlib-26011,resolved,125331,387,125718,0.04,23,12,4
sweagent,round2,pytest-dev__pytest-11143,resolved,63798,296,64094,0.03,15,16,4
sweagent,round2,scikit-learn__scikit-learn-10297,resolved,50493,152,50645,0.02,14,13,5
sweagent,round2,scikit-learn__scikit-learn-11281,resolved,227813,274,228087,0.06,19,43,13
sweagent,round2,scikit-learn__scikit-learn-12471,resolved,68336,422,68758,0.03,13,18,4
sweagent,round2,scikit-learn__scikit-learn-13142,resolved,142869,183,143052,0.05,14,16,15
sweagent,round2,scikit-learn__scikit-learn-13439,resolved,47030,377,47407,0.02,12,12,3
sweagent,round2,scikit-learn__scikit-learn-13496,resolved,48209,0,48209,0.02,10,12,7
sweagent,round2,scikit-learn__scikit-learn-15535,resolved,106187,403,106590,0.04,17,28,4
sweagent,round2,sympy__sympy-12481,resolved,80161,148,80309,0.03,13,33,13
sweagent,round2,sympy__sympy-13480,resolved,20324,229,20553,0.02,11,17,2
sweagent,round2,sympy__sympy-13647,resolved,65414,350,65764,0.03,12,24,2
sweagent,round2,sympy__sympy-14774,resolved,14547,179,14726,0.01,9,20,2
sweagent,round2,sympy__sympy-15011,resolved,128220,429,128649,0.05,14,30,3
sweagent,round2,sympy__sympy-20442,resolved,117100,209,117309,0.04,22,19,7
sweagent,round2,sympy__sympy-21614,resolved,97679,0,97679,0.03,16,30,4
sweagent,round2,sympy__sympy-21847,resolved,45583,0,45583,0.02,12,7,21
sweagent,round2,sympy__sympy-22714,resolved,112040,455,112495,0.04,17,24,7
sweagent,round2,sympy__sympy-23117,resolved,56837,359,57196,0.03,13,18,4
